{"cameraMode":{"drawMode":0,"name":"Shaded","section":"Shading Mode"},"sceneLighting":true,"audioPlay":false,"sceneViewState":{"m_AlwaysRefresh":false,"showFog":true,"showSkybox":true,"showFlares":true,"showImageEffects":true,"showParticleSystems":true,"showVisualEffectGraphs":true,"m_FxEnabled":true},"in2DMode":false,"pivot":{"x":278.100830078125,"y":114.41323852539063,"z":-149.55780029296876},"rotation":{"x":0.032920219004154208,"y":-0.9668956398963928,"z":0.18827010691165925,"w":0.16906829178333283},"size":208.4605712890625,"orthographic":false}